supplier,supplier_id
LEGENDS LTD,1
Default,2
REPUBLIC NATIONAL DISTRIBUTING CO,3
PERNOD RICARD USA LLC,4
BARON FRANCOIS LTD,5
MHW LTD,6
DOPS INC,7
VIGNOBLES LVDH USA INC,8
"THE COUNTRY VINTNER, LLC DBA WINEBOW",9
JIM BEAM BRANDS CO,10
ANHEUSER BUSCH INC,11
MILLER BREWING COMPANY,12
MONSIEUR TOUTON SELECTION,13
HEINEKEN USA,14
GRAPES OF SPAIN INC,15
SAZERAC CO,16
ELITE WINES IMPORTS,17
DMV DISTRIBUTING LLC,18
BACARDI USA INC,19
CROWN IMPORTS,20
BANVILLE & JONES WINE MERCHANTS,21
PUNTO VINO LLC,22
SOUTHERN GLAZERS WINE AND SPIRITS,23
PRESTIGE BEVERAGE GROUP OF MD LLC,24
RELIABLE CHURCHILL LLLP,25
EASTERN LIQUOR DISTRIBUTORS INC,26
CONSTELLATION BRANDS,27
DIAGEO NORTH AMERICA INC,28
CLIPPER CITY BREWING CO,29
NEW BELGIUM BREWING INC,30
LUXCO SPIRITED BRANDS,31
BUCK DISTRIBUTING COMPANY INC,32
WAGNER WINE COMPANY LLC,33
HEAVEN HILL DISTILLERIES INC,34
DIONYSOS IMPORTS INC,35
THE WINE GROUP,36
JOS VICTORI WINES,37
MICHAEL R DOWNEY SELECTIONS INC,38
LANTERNA DISTRIBUTORS INC,39
TREASURY WINE ESTATES AMERICAS COMPANY,40
PWSWN INC,41
WINERY EXCHANGE INC,42
ROYAL WINE CORP,43
OPICI FAMILY DISTRIBUTING OF MD,44
CONSTANTINE WINES INC,45
ARTISANS & VINES LLC,46
LUNEAU USA INC,47
MOET HENNESSY USA,48
BACCHUS IMPORTERS LTD,49
FN CELLARS LLC,50
TRADEWINDS SPECIALTY IMPORTS LLC,51
SOKOL BLOSSER LTD,52
CAMPARI AMERICA LLC,53
BRONCO WINE COMPANY,54
QUINTESSENTIAL LLC,55
BACKUP BEVERAGE,56
BBL INC,57
TROEGS BREWING COMPANY,58
NEXTERRA WINE COMPANY,59
FREDERICK WILDMAN & SONS,60
IMPERO WINE DISTRIBUTORS,61
REMY COINTREAU USA,62
STE MICHELLE WINE ESTATES,63
E & J GALLO WINERY,64
DELICATO FAMILY VINEYARDS,65
LABATT USA OPERATING CO LLC,66
,67
NEW PARROTT & CO,68
PARALLEL WORLD BREWING COMPANY,69
KATCEF BROTHERS INC,70
DC BRAU BREWING LLC,71
MAST-JAEGERMEISTER US INC,72
BASQUE BAR LLC,73
SALVETO IMPORTS LLC,74
ALLAGASH BREWING COMPANY,75
ATLAS BREW WORKS LLC,76
YOUNG WON TRADING INC,77
CASTLE BRANDS USA CORP,78
JACKSON FAMILY ENTERPRISES INC,79
VICTORY BREWING COMPANY LLC,80
AIKO IMPORTERS INC,81
INTERNATIONAL CELLARS LLC,82
THE RIVER WINE,83
TRUE RESPITE BREWING COMPANY LLC,84
PROXIMO SPIRITS INC,85
PRESTIGE WINE IMPORTS,86
FRONT PORCH MICRO WINERY LLC,87
KOBRAND CORPORATION,88
TI BEVERAGE GROUP LTD,89
NORTH LOCK LLC DBA PORT CITY BREWING CO,90
DUGGANS DISTILLERS PROD,91
SAGAMORE WHISKEY LLC,92
J LOHR WINERY,93
FETZER VINEYARDS,94
PABST BREWING CO,95
WILLIAM GRANT AND SONS INC,96
CRAFT WINE & SPIRITS OF MARYLAND LLC,97
INTERBALT PRODUCTS CORP,98
BROWN-FORMAN BEVERAGES WORLDWIDE,99
DELMAR BREWING COMPANY LLC,100
UNITED STATES DISTILLED PRODUCTS,101
BOLD ROCK PARTNERS LP,102
THE EDRINGTON GROUP USA LLC,103
RIGHT FORWARD LLC,104
A I G WINE & SPIRITS,105
KYSELA PERE ET FILS LTD,106
DEUTSCH FAMILY WINE & SPIRITS,107
MARK ANTHONY BRANDS INC,108
SUTTER HOME WINERY INC,109
DUVEL MOORTGAT USA LTD,110
MASS BAY BREWING CO,111
BROOKEVILLE BREWING LLC,112
CITIZENS BREWING LLC,113
VINTAGE WINE ESTATES INC,114
PATERNO IMPORTS LTD,115
BANFI PRODUCTS CORP,116
SIERRA NEVADA BREWING CO,117
CABERNET CORPORATION,118
RSL HOLDINGS INC,119
SNR HOLDINGS LLC,120
NICHE IMPORTERS,121
GJS SALES INC,122
STOLI GROUP (USA) LLC,123
DUCKHORN WINE COMPANY,124
TRI-VIN IMPORTS,125
PIPE CREEK WINES LLC,126
TREFETHEN VINEYARDS,127
BOSTON BEER CORPORATION,128
DON SEBASTIANI & SONS,129
TRICANA SHIPPERS & IMPORT,130
LAPHAM SALES & MARKETING DBA LAPHAM,131
SCHUG CARNEROS ESTATE WINERY,132
PARK STREET IMPORTS LLC,133
SANTA MARGHERITA USA INC,134
SURVILLE ENTERPRISES CORP,135
SERRALLES USA LLC,136
FRANCIS COPPOLA WINERY LLC,137
MESOZOIC TECHNOLOGIES LLC,138
TAPWINES,139
AREL GROUP WINE & SPIRITS,140
THE HESS COLLECTION,141
AMERICAN BEVERAGE MARKETERS,142
BITTERMILK LLC,143
HONIG VINEYARD AND WINERY,144
PREMIUM DISTRIBUTORS INC,145
JACK POUST & COMPANY INC,146
MONTEBELLO BRANDS INC,147
SIDNEY-FRANK IMPORTING CO,148
OREGON BREWING COMPANY,149
ST SUPERY INC,150
THE BROOKLYN BREWERY CORPORATION,151
GLOBAL OCEAN AND AIR CARGO SERVICES,152
FLYING DOG BREWERY LLLP,153
CANTINIERE IMPORTS & DISTRIBUTING INC,154
WELL OILED WINE COMPANY LLC,155
FREE RUN WINE MERCHANTS LLC,156
MACK & SCHUHLE INC,157
FREIXENET MIONETTO USA INC,158
DANGEROUS WINE GROUP LLC,159
CELICAR LLC DBA TWIN VALLEY DISTILLERS,160
TAP26MD LLC,161
TENTH HARVEST LLC,162
FOLEY FAMILY WINES INC,163
CARROLL CREEK WHISKEY LLC,164
GAMBRINUS,165
JORDAN VINEYARD,166
SOVEREIGN BRANDS LLC,167
NICKOLAS IMPORTS LLC,168
YUENGLING BREWERY,169
REGAL WINE IMPORTS INC,170
LYON DISTILLING COMPANY LLC,171
MADIDUS LLC,172
SAN ANTONIO WINERY INC,173
DRAGON DISTILLERY LLC,174
MCNEILL INDEPENDENT SPIRIT CREATORS LLC,175
AZABU DISTILLING CO LLC,176
O'NEILL BEVERAGES CO LLC,177
RVWC LLC,178
HOTALING & CO LLC,179
E M D SALES INC,180
TOBACCO BARN DISTILLERY,181
DISARONNO INTERNATIONAL LLC,182
ST KILLIAN IMPORTING CO INC,183
FREIXENET USA,184
COASTAL BREWING COMPANY LLC,185
VERMONT HARD CIDER COMPANY LLC,186
SPAINS BEST BEERS INC,187
BINDING BRAUEREI USA INC,188
TERRAPIN BEER COMPANY,189
HOME BREW MART INC,190
STEFANO INCORPORATED,191
TESTA WINES OF THE WORLD LTD,192
IMPERO WINE DISTRIBUTORS VIRGINIA INC,193
WINE BRIDGE IMPORTS INC,194
GOOSE RIDGE LLC,195
SCHMITT SOHNE INC,196
RAPP CAPITAL LLC,197
FIVE GRAPES LLC,198
OSLO ENTERPRISE,199
THE TRITON COLLECTION INC,200
SWEETWATER BREWING COMPANY LLC,201
PHILLIPS FARMS LLC,202
ELK RUN VINEYARDS,203
HUB WINE CORPORATION,204
LCF WINE COMPANY LLC,205
ROBERT OATLEY VINEYARDS INC,206
FILIBUSTER BARRELS LLC,207
POTOMAC SELECTIONS INC,208
RED INK IMPORTS,209
HARVEST IMPORTING LLC,210
KLEIN FAMILY VINTNERS,211
ROOTS RUN DEEP LLC,212
WI INC,213
COMETE WINES LLC,214
SAWM IMPORTS LLC,215
Z WINE GALLERY IMPORTS LLC,216
FOWLES WINE USA INC,217
WILLIAM HARRISON IMPORTS,218
ST GEORGE SPIRITS INC,219
FIFTH GENERATION INC,220
RUSSIAN STANDARD VODKA (USA) INC,221
COPPER CANE LLC,222
STELLAR IMPORTING CO LLC,223
LEGACY PARTNERS DISTRIBUTION LLC,224
EVEREST SPIRITS LLC,225
SMITH-ANDERSON ENTERPRISES INC,226
REPUBLIC RESTORATIVES,227
WILLIAMS CORNER WINE,228
WITH MALUS AFORETHOUGHT LLC,229
SANGLIER SELECTIONS LLC,230
MACCHU PISCO LLC,231
INFINIUM SPIRITS INC,232
VIN DIVINO LTD,233
FAR NIENTE WINERY INC,234
GEORGIAN HOUSE OF GREATER WASHINGTON,235
ST RICE WINE INC,236
LOOK VODKA LLC,237
SUGARLOAF MOUNTAIN SUNLIGHT VINEYARD LLC,238
LAIRD AND COMPANY,239
RUTHERFORD WINE COMPANY,240
FIORE WINERY,241
THREE STARS BREWING COMPANY LLC,242
NOVELTY MD INC,243
SLIGO MILL BREWING LLC,244
HOUTON PURVEYORS LLC,245
OHMRONE WINE AND LIQUOR LLC,246
MOUNT DEFIANCE CIDERY & DISTILLERY LLC,247
NEGUS BREWING COMPANY LLC,248
BREWDOG BREWING COMPANY LLC,249
PALM BAY IMPORTS,250
CROOK & MARKER LLC,251
WESTERN SPIRITS BEVERAGE COMPANY LLC,252
BULLSHINE DISTILLERY LLC,253
AMERICAN BEVERAGE CORPORATION,254
OCEAN CITY BREWING CO LLC,255
LION NATHAN USA INC,256
KAHN PAPER COMPANY INC,257
C MONDAVI & SONS,258
TREANA WINERY LLC,259
CHEVAL QUANCARD,260
SUGARLOAF MOUNTAIN VINEYARD LLC,261
KING ESTATE WINERY,262
FRUIT OF THE VINES INC,263
SMT AQUISITIONS LLC,264
NARRAGANSETT BREWING COMPANY,265
ASAHI BEER USA INC,266
SINGHA NORTH AMERICA INC,267
VINTUS LLC,268
HAMCO DC,269
WARSTEINER IMPORTERS,270
CHASSEUR WINE LLC,271
GROTH VINEYARDS & WINERY,272
FERRARI CARANO WINERY,273
THE SPANISH WINE IMPORTERS LLC,274
THE WINE SOURCE INC,275
ZURENA LLC,276
PLUME RIDGE IRREVOCABLE TRUST,277
VINTURE WINE COMPANY LLC,278
FLAVOR SEEKERS LLC,279
VINTAGE POINT LLC,280
ADAMBA IMPORTS INTL,281
WASHBURN WINE CO,282
ALLIED IMPORTERS USA LTD,283
ATLANTIC WINE & SPIRITS,284
CHARLES JACQUIN ET CIE INC,285
MEXCOR INTERNATIONAL,286
PARAGON VINEYARD CO INC,287
VINIFERA DISTRIBUTING OF MARYLAND INC,288
MARQUEE SELECTIONS LLC,289
SPLINTER GROUP NAPA LLC,290
"GF WINES, LLC DBA GARY FARRELL WINERY",291
PRECEPT BRANDS LLC,292
THE SANDY BOTTOM ENTERPRISES LLC,293
SCOPERTA IMPORTING COMPANY INC,294
AMERICAN FIDELITY TRADING,295
DOGFISH HEAD CRAFT BREWERY LLC,296
WILSON DANIELS LTD,297
FREDERICK P WINNER LTD,298
SCHEID VINEYARDS CALIFORNIA INC,299
VINTAGE VIRGINIA APPLES,300
FRANK LIN MD,301
SUBARASHII KUDAMONO CO INC,302
THE VINERY LLC,303
CLASSIC WINE IMPORTS INC DBA VISION WINE,304
VINTAGE WINES INC,305
EXCELSIOR WINE COMPANY LLC,306
CHEF SOUS LLC,307
CHARM CITY BEVERAGE LLC,308
BOND DISTRIBUTING CO,309
FIOR DI SOLE LLC,310
ROBERT GIRAUD,311
DESCHUTES BREWERY INC,312
ARIS A ZISSIS,313
RED MOUNTAIN DISTILLING AND SPIRITS LLC,314
NIEBAUM COPPOLA ESTATE WINERY LP,315
SPADA ENTERPRISES INC,316
CHEERS DISTRIBUTING INC,317
AZIZ SHAFI TANNIC TONGUE,318
DISTRICT CIDER COMPANY INC,319
BASIGNANI WINERY,320
THE DOG BEVERAGE CO INC,321
MONDO VINO,322
WINEBOW INC,323
JOHN GIVEN WINES INC,324
MARKERS EDGE LLC,325
A&E INC,326
ALTITUDE SPIRITS INC,327
CLASSIC WINE IMPORTS INC,328
DOMAINE SELECT WINE & SPIRITS LLC,329
FRITZ IMPORTS LLC,330
ORGANIC VINTNERS INC,331
NOBLE VINTNERS INC,332
USA WINE WEST LLC,333
MAISON JOMERE LTD,334
LA ISLA CORPORATION,335
A VINTNERS SELECTIONS,336
STARR HILL BREWERY LLC,337
SIMON N CELLARS LLC,338
CAPE STARZ WINE LLC,339
DUCLAW BREWERY LLC,340
USA WINE IMPORTS,341
ONE EIGHT DISTILLING LLC,342
UNITED STATES BEVERAGE,343
LATITUDE BEVERAGE COMPANY,344
AMERICAN VINTAGE BEVERAGE INC,345
MONOCACY BREWING CO LLC,346
DOGFISH HEAD CRAFT BREWERY,347
GRAPES & BARLEY LLC,348
CASA CHIRICO LLC,349
THREE HENS LLC T/A TENTH HARVEST,350
FX MATT BREWING CO,351
CRAFT BREW ALLIANCE INC,352
BOORDY VINEYARDS,353
ROBERT OATLEY,354
DCD ENTERPRISES LLC,355
FREELANCE WINES LLC,356
INTERNATIONAL SPIRITS & WINES LLC,357
ROBERT KACHER SELECTIONS LLC,358
PLATA WINE PARTNERS LLC,359
DOGFISH HEAD DISTILLERY LLC,360
BORVIN BEVERAGE,361
MEIOMI,362
AW DIRECT LLC,363
BLACK ANKLE VINEYARDS LLC,364
SABLE RIDGE VINEYARD LLC,365
GRAND ENCLOS DU CHATEAU DE CERONS,366
SOUTHERN WINE & SPIRITS OF MARYLAND,367
PAMPA BEVERAGES LLC DBA TRANSNATIONAL SU,368
ARCHER ROOSE LLC,369
NICE LEGS LLC,370
D'AQUINO ITALIAN IMPORTING CO INC,371
ONE TRUE VINE,372
8 VINI INC,373
FAROPIAN SPIRITS LTD,374
WETTEN IMPORTERS INC,375
BOUTIQUE VINEYARDS LLC,376
CHATEAU DIANA LLC,377
MERRYVALE VINEYARDS,378
A HARDY USA LTD,379
HEIMBUCH ESTATE VINEYARDS AND WINERY LLC,380
CHADDSFORD WINERY LTD,381
GRAIL POINT BREWERY LLC,382
DREYFUS ASHBY INC,383
PREMIUM DISTRIBUTORS OF MARYLAND,384
RED MOUNTAIN DISTILLING & SPIRITS LLC,385
PACIFIC RIM WINEMAKERS,386
A&W BORDERS LLC,387
WHITE ROCK DISTILLERS INC,388
VOLUBILIS IMPORTS INC,389
WEIN-BAUER INC,390
URUGUAY IMPORTS LTD,391
G GAUTHIER CELLARS INC,392
LINNE CALODO INC,393
CALVERT BREWING COMPANY,394
OENOS LLC,395
BARREL ONE INC,396
GATOR RON'S LLC,397
